from,to,message_id
tricoloredelsangueitalico,ricoloreDelSangueItalico,321
tricoloredelsangueitalico,TricoloreDelSangueItalico,319
tricoloredelsangueitalico,TricoloreDelSangueItalico,316
tricoloredelsangueitalico,TricoloreDelSangueItalico,311
tricoloredelsangueitalico,TricoloreDelSangueItalico,309
tricoloredelsangueitalico,oloreDelSangueItalico,305
tricoloredelsangueitalico,TricoloreDelSangueItalico,297
tricoloredelsangueitalico,socialnazionalismo,294
tricoloredelsangueitalico,brescia_ai_bresciani,291
tricoloredelsangueitalico,ricoloreDelSangueItalico,289
tricoloredelsangueitalico,TricoloreDelSangueItalico,286
tricoloredelsangueitalico,identitaeuropeaI,284
tricoloredelsangueitalico,TricoloreDelSangueItalico,276
tricoloredelsangueitalico,tricoloredelsangueitalico,269
tricoloredelsangueitalico,ricoloreDelSangueItalico,267
tricoloredelsangueitalico,tricoloredelsangueitalico,267
tricoloredelsangueitalico,TricoloreDelSangueItalico,263
tricoloredelsangueitalico,tricoloredelsangueitalico,263
tricoloredelsangueitalico,TricoloreDelSangueItalico,260
tricoloredelsangueitalico,tricoloredelsangueitalico,256
tricoloredelsangueitalico,TricoloreDelSangueItalico,250
tricoloredelsangueitalico,TricoloreDelSangueItalico,247
tricoloredelsangueitalico,TricoloreDelSangueItalico,244
tricoloredelsangueitalico,PatriaetNatura,237
tricoloredelsangueitalico,PatriaetNatura,235
tricoloredelsangueitalico,PatriaetNatura,234
tricoloredelsangueitalico,tricoloredelsangueitalico,230
tricoloredelsangueitalico,TricoloreDelSangueItalico,222
tricoloredelsangueitalico,survivethejive,216
tricoloredelsangueitalico,survivethejive,215
tricoloredelsangueitalico,survivethejive,214
tricoloredelsangueitalico,survivethejive,213
tricoloredelsangueitalico,TricoloreDelSangueItalico,204
tricoloredelsangueitalico,TricoloreDelSangueItalico,201
tricoloredelsangueitalico,ArminiusNew,199
tricoloredelsangueitalico,ArminiusNew,198
tricoloredelsangueitalico,WLM_EU_ITALY,196
tricoloredelsangueitalico,WLM_EU_ITALY,195
tricoloredelsangueitalico,WLM_EU_ITALY,194
tricoloredelsangueitalico,"TricoloreDelSangueItalico
",192
tricoloredelsangueitalico,TricoloreDelSangueItalico,180
tricoloredelsangueitalico,markacollett,169
tricoloredelsangueitalico,ultrasnotreds2,165
tricoloredelsangueitalico,SouthAfricaReports,164
tricoloredelsangueitalico,passaggioalboscoedizioni,140
tricoloredelsangueitalico,Katarina,134
tricoloredelsangueitalico,TricoloreDelSangueItalico,106
TricoloreDelSangueItalico,ricoloreDelSangueItalico,321
TricoloreDelSangueItalico,TricoloreDelSangueItalico,319
TricoloreDelSangueItalico,TricoloreDelSangueItalico,316
TricoloreDelSangueItalico,TricoloreDelSangueItalico,311
TricoloreDelSangueItalico,TricoloreDelSangueItalico,309
TricoloreDelSangueItalico,oloreDelSangueItalico,305
TricoloreDelSangueItalico,TricoloreDelSangueItalico,297
TricoloreDelSangueItalico,socialnazionalismo,294
TricoloreDelSangueItalico,brescia_ai_bresciani,291
TricoloreDelSangueItalico,ricoloreDelSangueItalico,289
TricoloreDelSangueItalico,TricoloreDelSangueItalico,286
TricoloreDelSangueItalico,identitaeuropeaI,284
TricoloreDelSangueItalico,TricoloreDelSangueItalico,276
TricoloreDelSangueItalico,tricoloredelsangueitalico,269
TricoloreDelSangueItalico,ricoloreDelSangueItalico,267
TricoloreDelSangueItalico,tricoloredelsangueitalico,267
TricoloreDelSangueItalico,TricoloreDelSangueItalico,263
TricoloreDelSangueItalico,tricoloredelsangueitalico,263
TricoloreDelSangueItalico,TricoloreDelSangueItalico,260
TricoloreDelSangueItalico,tricoloredelsangueitalico,256
TricoloreDelSangueItalico,TricoloreDelSangueItalico,250
TricoloreDelSangueItalico,TricoloreDelSangueItalico,247
TricoloreDelSangueItalico,TricoloreDelSangueItalico,244
TricoloreDelSangueItalico,PatriaetNatura,237
TricoloreDelSangueItalico,PatriaetNatura,235
TricoloreDelSangueItalico,PatriaetNatura,234
TricoloreDelSangueItalico,tricoloredelsangueitalico,230
TricoloreDelSangueItalico,TricoloreDelSangueItalico,222
TricoloreDelSangueItalico,survivethejive,216
TricoloreDelSangueItalico,survivethejive,215
TricoloreDelSangueItalico,survivethejive,214
TricoloreDelSangueItalico,survivethejive,213
TricoloreDelSangueItalico,TricoloreDelSangueItalico,204
TricoloreDelSangueItalico,TricoloreDelSangueItalico,201
TricoloreDelSangueItalico,ArminiusNew,199
TricoloreDelSangueItalico,ArminiusNew,198
TricoloreDelSangueItalico,WLM_EU_ITALY,196
TricoloreDelSangueItalico,WLM_EU_ITALY,195
TricoloreDelSangueItalico,WLM_EU_ITALY,194
TricoloreDelSangueItalico,"TricoloreDelSangueItalico
",192
TricoloreDelSangueItalico,TricoloreDelSangueItalico,180
TricoloreDelSangueItalico,markacollett,169
TricoloreDelSangueItalico,ultrasnotreds2,165
TricoloreDelSangueItalico,SouthAfricaReports,164
TricoloreDelSangueItalico,passaggioalboscoedizioni,140
TricoloreDelSangueItalico,Katarina,134
TricoloreDelSangueItalico,TricoloreDelSangueItalico,106
brescia_ai_bresciani,fratotolo,4068
brescia_ai_bresciani,progettorazzia,4064
brescia_ai_bresciani,remigrazione_riconquista,4050
brescia_ai_bresciani,remigrazione_riconquista,4049
brescia_ai_bresciani,remigrazione_riconquista,4040
brescia_ai_bresciani,remigrazione_riconquista,4039
brescia_ai_bresciani,remigrazione_riconquista,4038
brescia_ai_bresciani,remigrazione_riconquista,4037
brescia_ai_bresciani,remigrazione_riconquista,4036
brescia_ai_bresciani,remigrazione_riconquista,4035
brescia_ai_bresciani,remigrazione_riconquista,4034
brescia_ai_bresciani,remigrazione_riconquista,4033
brescia_ai_bresciani,remigrazione_riconquista,4032
brescia_ai_bresciani,remigrazione_riconquista,4031
brescia_ai_bresciani,remigrazione_riconquista,4030
brescia_ai_bresciani,remigrazione_riconquista,4026
brescia_ai_bresciani,remigrazione_riconquista,4025
brescia_ai_bresciani,remigrazione_riconquista,4018
brescia_ai_bresciani,remigrazione_riconquista,4017
brescia_ai_bresciani,remigrazione_riconquista,4016
brescia_ai_bresciani,remigrazione_riconquista,4015
brescia_ai_bresciani,progettorazzia,3994
brescia_ai_bresciani,fratotolo,3987
brescia_ai_bresciani,remigrazione_riconquista,3962
brescia_ai_bresciani,remigrazione_riconquista,3961
brescia_ai_bresciani,elivebresciatv ,3959
brescia_ai_bresciani,progettorazzia,3956
brescia_ai_bresciani,lorenzocafarchioaf,3955
brescia_ai_bresciani,ribellidindastria,3955
brescia_ai_bresciani,dj_b0nny,3955
brescia_ai_bresciani,ultimafrontiera,3955
brescia_ai_bresciani,remigrazione_riconquista,3947
brescia_ai_bresciani,remigrazione_riconquista,3946
brescia_ai_bresciani,remigrazione_riconquista,3945
brescia_ai_bresciani,progettorazzia,3937
brescia_ai_bresciani,fratotolo,3922
brescia_ai_bresciani,progettorazzia,3920
brescia_ai_bresciani,fratotolo,3908
brescia_ai_bresciani,fratotolo,3907
brescia_ai_bresciani,remigrazione_riconquista,3905
brescia_ai_bresciani,arcadiapirata,3903
brescia_ai_bresciani,remigrazione_riconquista,3900
brescia_ai_bresciani,remigrazione_riconquista,3899
brescia_ai_bresciani,progettorazzia,3895
brescia_ai_bresciani,totalitarismoblog,3894
brescia_ai_bresciani,ArchivioNonConforme,3893
brescia_ai_bresciani,casapoundufficiale,3887
brescia_ai_bresciani,casapoundufficiale,3886
brescia_ai_bresciani,casapoundufficiale,3884
brescia_ai_bresciani,weltanschauungitaliaofficial,3883
brescia_ai_bresciani,fratotolo,3880
brescia_ai_bresciani,fratotolo,3879
brescia_ai_bresciani,fratotolo,3878
brescia_ai_bresciani,fratotolo,3877
brescia_ai_bresciani,fratotolo,3876
brescia_ai_bresciani,fratotolo,3875
brescia_ai_bresciani,fratotolo,3874
brescia_ai_bresciani,matteogracis,3871
brescia_ai_bresciani,terracava2,3870
brescia_ai_bresciani,casapoundufficiale,3868
brescia_ai_bresciani,casapoundufficiale,3867
brescia_ai_bresciani,progettorazzia,3865
brescia_ai_bresciani,progettorazzia,3855
brescia_ai_bresciani,fratotolo,3845
brescia_ai_bresciani,terracava2,3842
brescia_ai_bresciani,progettorazzia,3836
brescia_ai_bresciani,ilrozzobruno,3835
brescia_ai_bresciani,brescia_ai_bresciani,3835
brescia_ai_bresciani,progettorazzia,3832
brescia_ai_bresciani,proitalia_org,3817
brescia_ai_bresciani,progettorazzia,3790
brescia_ai_bresciani,progettorazzia,3784
brescia_ai_bresciani,fratotolo,3771
identitaeuropeaI,comunitamilitanteraido,3109
identitaeuropeaI,fonsperennis,3109
identitaeuropeaI,FortezzaEuropa,3109
identitaeuropeaI,act_italia,3109
identitaeuropeaI,comunitamilitantefuror,3109
identitaeuropeaI,EvaVlaardingerbroek,3109
identitaeuropeaI,MartinSellner_english,3109
identitaeuropeaI,afonsojfg,3109
identitaeuropeaI,avanguardia_torino,3109
identitaeuropeaI,casarhea_spazioidentitario,3109
identitaeuropeaI,ilmastinoverona,3109
identitaeuropeaI,passaggioalboscoedizioni,3109
identitaeuropeaI,ecodelnord,3109
identitaeuropeaI,riconquista_vi,3109
identitaeuropeaI,casaggidestraidentitaria,3109
identitaeuropeaI,kiesdries,3109
identitaeuropeaI,Resum25,3109
identitaeuropeaI,brescia_ai_bresciani,3109
identitaeuropeaI,keith_woods,3109
identitaeuropeaI,returntothelandozarks,3107
identitaeuropeaI,CasosAislados,3106
identitaeuropeaI,identitaeuropeaI,3106
identitaeuropeaI,ULTIMA_HORA,3106
identitaeuropeaI,passaggioalboscoedizioni,3104
identitaeuropeaI,CIG_telegram,3101
identitaeuropeaI,fratotolo,3096
identitaeuropeaI,action_radar_europe,3094
identitaeuropeaI,Jungetat,3094
identitaeuropeaI,Wallachian_Gazette,3093
identitaeuropeaI,proitalia_org,3086
identitaeuropeaI,ilprimatonazionaleIPN,3085
identitaeuropeaI,ilmastinoverona,3084
identitaeuropeaI,riconquista,3082
identitaeuropeaI,riconquista,3081
identitaeuropeaI,riconquista,3080
identitaeuropeaI,riconquista,3079
identitaeuropeaI,riconquista,3078
identitaeuropeaI,progettorazzia,3076
identitaeuropeaI,keith_woods,3068
identitaeuropeaI,identitaeuropeaI,3065
identitaeuropeaI,CIG_telegram,3063
identitaeuropeaI,pox_populi,3063
identitaeuropeaI,MartinSellner_english,3062
identitaeuropeaI,action_radar_europe,3061
identitaeuropeaI,survivethejive,3060
identitaeuropeaI,survivethejive,3059
identitaeuropeaI,survivethejive,3058
identitaeuropeaI,survivethejive,3057
identitaeuropeaI,comunitamilitanteraido,3055
identitaeuropeaI,comunitamilitanteraido,3054
identitaeuropeaI,comunitamilitanteraido,3053
identitaeuropeaI,comunitamilitanteraido,3052
identitaeuropeaI,comunitamilitanteraido,3051
identitaeuropeaI,comunitamilitanteraido,3050
identitaeuropeaI,comunitamilitanteraido,3049
identitaeuropeaI,fonsperennis,3048
identitaeuropeaI,fonsperennis,3047
identitaeuropeaI,fonsperennis,3046
identitaeuropeaI,avanguardia_torino,3045
identitaeuropeaI,avanguardia_torino,3044
identitaeuropeaI,avanguardia_torino,3043
identitaeuropeaI,brescia_ai_bresciani,3042
identitaeuropeaI,brescia_ai_bresciani,3041
identitaeuropeaI,brescia_ai_bresciani,3040
identitaeuropeaI,brescia_ai_bresciani,3039
identitaeuropeaI,brescia_ai_bresciani,3038
identitaeuropeaI,rossobruni,3036
identitaeuropeaI,mementoauderesempermas,3034
identitaeuropeaI,ecodelnord,3033
identitaeuropeaI,ecodelnord,3032
identitaeuropeaI,ecodelnord,3031
identitaeuropeaI,ecodelnord,3030
identitaeuropeaI,RemixNewsAndViews,3028
identitaeuropeaI,kiesdries,3027
identitaeuropeaI,kiesdries,3022
identitaeuropeaI,crimini_dem,3020
identitaeuropeaI,keith_woods,3019
identitaeuropeaI,VoxEuropaHerald,3017
identitaeuropeaI,ilmastinoverona,3016
identitaeuropeaI,fratotolo,3015
identitaeuropeaI,dereinzigeitalia,3013
identitaeuropeaI,passaggioalboscoedizioni,3012
identitaeuropeaI,fratotolo,3010
identitaeuropeaI,matt1news,3004
identitaeuropeaI,avanguardia_torino,2999
identitaeuropeaI,avanguardia_torino,2998
identitaeuropeaI,avanguardia_torino,2997
identitaeuropeaI,identitaeuropeaI,2996
identitaeuropeaI,fratotolo,2995
identitaeuropeaI,fratotolo,2994
identitaeuropeaI,kiesdries,2992
identitaeuropeaI,identitaeuropeaI,2991
identitaeuropeaI,identitaeuropeaI,2990
identitaeuropeaI,identitaeuropeaI,2989
identitaeuropeaI,Poleconnect,2987
identitaeuropeaI,identitaeuropeaI,2987
identitaeuropeaI,keith_woods,2986
identitaeuropeaI,CIG_telegram,2985
identitaeuropeaI,EvaVlaardingerbroek,2984
identitaeuropeaI,passaggioalboscoedizioni,2983
identitaeuropeaI,g_identitari,2982
identitaeuropeaI,survivethejive,2979
identitaeuropeaI,identitaeuropeaI,2977
identitaeuropeaI,identitaeuropeaI,2976
identitaeuropeaI,fratotolo,2975
identitaeuropeaI,fratotolo,2974
identitaeuropeaI,Resum25,2972
identitaeuropeaI,proitalia_org,2971
identitaeuropeaI,Resum25,2966
identitaeuropeaI,ilmastinoverona,2965
identitaeuropeaI,action_radar_europe,2964
identitaeuropeaI,proitalia_org,2962
identitaeuropeaI,ilmastinoverona,2960
identitaeuropeaI,identitaeuropeaI,2958
identitaeuropeaI,identitaeuropeaI,2957
identitaeuropeaI,SouthAfricaReports,2954
identitaeuropeaI,identitaeuropeaI,2954
identitaeuropeaI,passaggioalboscoedizioni,2951
identitaeuropeaI,EvaVlaardingerbroek,2946
identitaeuropeaI,kiesdries,2938
identitaeuropeaI,kiesdries,2937
identitaeuropeaI,kiesdries,2936
identitaeuropeaI,kiesdries,2935
identitaeuropeaI,riconquista,2934
identitaeuropeaI,keith_woods,2933
identitaeuropeaI,Resum25,2932
identitaeuropeaI,Resum25,2931
identitaeuropeaI,Resum25,2930
identitaeuropeaI,Resum25,2929
identitaeuropeaI,Resum25,2928
identitaeuropeaI,fratotolo,2925
identitaeuropeaI,fratotolo,2924
identitaeuropeaI,Resum25,2923
identitaeuropeaI,MartinSellner_english,2922
identitaeuropeaI,kiesdries,2921
identitaeuropeaI,avanguardia_torino,2920
identitaeuropeaI,avanguardia_torino,2919
identitaeuropeaI,avanguardia_torino,2918
identitaeuropeaI,ecodelnord,2917
identitaeuropeaI,comunitamilitanteraido,2916
identitaeuropeaI,identitaeuropeaI,2915
identitaeuropeaI,passaggioalboscoedizioni,2912
identitaeuropeaI,fratotolo,2907
identitaeuropeaI,passaggioalboscoedizioni,2905
identitaeuropeaI,Resum25,2904
identitaeuropeaI,brescia_ai_bresciani,2902
identitaeuropeaI,identitaeuropeaI,2886
identitaeuropeaI,fratotolo,2884
identitaeuropeaI,MatBrandi,2878
identitaeuropeaI,MartinSellner_english,2877
identitaeuropeaI,MartinSellner_english,2875
identitaeuropeaI,fratotolo,2869
identitaeuropeaI,keith_woods,2867
identitaeuropeaI,proitalia_org,2863
identitaeuropeaI,progettorazzia,2863
identitaeuropeaI,identitaeuropeaI,2862
identitaeuropeaI,fonsperennis,2861
identitaeuropeaI,fonsperennis,2860
identitaeuropeaI,fonsperennis,2859
identitaeuropeaI,avanguardia_torino,2858
identitaeuropeaI,fratotolo,2857
identitaeuropeaI,ecodelnord,2853
identitaeuropeaI,keith_woods,2851
identitaeuropeaI,identitaeuropeaI,2851
identitaeuropeaI,kiesdries,2851
identitaeuropeaI,matt1news,2848
identitaeuropeaI,ilmastinoverona,2847
identitaeuropeaI,fratotolo,2844
identitaeuropeaI,fratotolo,2842
identitaeuropeaI,passaggioalboscoedizioni,2841
identitaeuropeaI,passaggioalboscoedizioni,2840
identitaeuropeaI,crimini_dem,2838
identitaeuropeaI,SouthAfricaReports,2837
identitaeuropeaI,identitaeuropeaI,2837
identitaeuropeaI,fratotolo,2835
identitaeuropeaI,matt1news,2833
identitaeuropeaI,MartinSellner_english,2832
identitaeuropeaI,kiesdries,2831
identitaeuropeaI,brescia_ai_bresciani,2830
identitaeuropeaI,bloccoverona,2828
identitaeuropeaI,identitaeuropeaI,2827
identitaeuropeaI,JewishContributions,2825
identitaeuropeaI,identitaeuropeaI,2825
identitaeuropeaI,brescia_ai_bresciani,2818
identitaeuropeaI,brescia_ai_bresciani,2817
identitaeuropeaI,brescia_ai_bresciani,2816
identitaeuropeaI,brescia_ai_bresciani,2815
identitaeuropeaI,brescia_ai_bresciani,2814
identitaeuropeaI,brescia_ai_bresciani,2813
identitaeuropeaI,brescia_ai_bresciani,2812
identitaeuropeaI,brescia_ai_bresciani,2811
identitaeuropeaI,Resum25,2810
identitaeuropeaI,proitalia_org,2807
identitaeuropeaI,ilmastinoverona,2803
identitaeuropeaI,ImperiumPressOfficial,2794
identitaeuropeaI,identitaeuropeaI,2794
identitaeuropeaI,fratotolo,2791
identitaeuropeaI,ecodelnord,2785
identitaeuropeaI,ecodelnord,2784
identitaeuropeaI,ecodelnord,2783
identitaeuropeaI,ecodelnord,2782
identitaeuropeaI,ecodelnord,2781
identitaeuropeaI,ecodelnord,2780
identitaeuropeaI,riconquista,2777
identitaeuropeaI,brescia_ai_bresciani,2776
identitaeuropeaI,brescia_ai_bresciani,2775
identitaeuropeaI,brescia_ai_bresciani,2774
identitaeuropeaI,brescia_ai_bresciani,2773
identitaeuropeaI,brescia_ai_bresciani,2772
identitaeuropeaI,brescia_ai_bresciani,2771
identitaeuropeaI,brescia_ai_bresciani,2770
identitaeuropeaI,brescia_ai_bresciani,2769
identitaeuropeaI,brescia_ai_bresciani,2768
identitaeuropeaI,brescia_ai_bresciani,2767
identitaeuropeaI,kiesdries,2765
identitaeuropeaI,fratotolo,2763
identitaeuropeaI,CIG_telegram,2762
identitaeuropeaI,thuletide,2759
identitaeuropeaI,FortezzaEuropa,2747
identitaeuropeaI,fratotolo,2746
identitaeuropeaI,fratotolo,2745
survivethejive,survivethejive,8970
survivethejive,survivethejive,8969
survivethejive,survivethejive,8957
survivethejive,survivethejive,8956
survivethejive,survivethejive,8955
survivethejive,survivethejive,8954
survivethejive,survivethejive,8953
survivethejive,survivethejive,8952
survivethejive,survivethejive,8951
survivethejive,survivethejive,8950
survivethejive,survivethejive,8949
survivethejive,germanic_religion,8948
survivethejive,germanic_religion,8947
survivethejive,survivethejive,8944
survivethejive,survivethejive,8923
survivethejive,survivethejive,8922
survivethejive,survivethejive,8921
survivethejive,survivethejive,8920
survivethejive,survivethejive,8919
survivethejive,hearthfireradio,8917
survivethejive,aiwenxd,8915
survivethejive,survivethejive,8912
survivethejive,survivethejive,8911
survivethejive,survivethejive,8908
survivethejive,drivansemyan,8907
survivethejive,drivansemyan,8906
survivethejive,drivansemyan,8905
survivethejive,drivansemyan,8904
survivethejive,drivansemyan,8903
survivethejive,drivansemyan,8902
survivethejive,survivethejive,8900
survivethejive,survivethejive,8899
survivethejive,survivethejive,8898
survivethejive,survivethejive,8896
survivethejive,HolleBrauch,8889
survivethejive,einherischannel,8888
survivethejive,AEHTEMEN,8881
survivethejive,AEHTEMEN,8880
survivethejive,survivethejive,8878
survivethejive,survivethejive,8877
survivethejive,survivethejive,8876
survivethejive,survivethejive,8875
survivethejive,survivethejive,8874
survivethejive,survivethejive,8873
survivethejive,survivethejive,8872
survivethejive,survivethejive,8871
survivethejive,hearthfireradio,8868
survivethejive,survivethejive,8867
survivethejive,survivethejive,8866
survivethejive,survivethejive,8865
survivethejive,survivethejive,8864
survivethejive,thechadpastoralist,8863
survivethejive,thechadpastoralist,8862
survivethejive,thechadpastoralist,8861
survivethejive,thechadpastoralist,8860
survivethejive,thechadpastoralist,8859
survivethejive,sagnamadr,8858
survivethejive,sagnamadr,8857
survivethejive,AnsuzSociety,8856
survivethejive,survivethejive,8852
survivethejive,survivethejive,8851
survivethejive,survivethejive,8850
survivethejive,survivethejive,8849
survivethejive,survivethejive,8848
survivethejive,sagnamadr,8845
survivethejive,hammerandvajra,8844
survivethejive,survivethejive,8834
survivethejive,survivethejive,8833
survivethejive,hearthfireradio,8832
survivethejive,hearthfireradio,8831
survivethejive,maptism,8824
survivethejive,survivethejive,8822
survivethejive,maptism,8821
survivethejive,maptism,8820
survivethejive,maptism,8819
survivethejive,maptism,8818
survivethejive,maptism,8817
survivethejive,maptism,8816
survivethejive,chp_samara,8804
survivethejive,chp_samara,8803
survivethejive,chp_samara,8802
survivethejive,chp_samara,8801
survivethejive,chp_samara,8800
survivethejive,news63ru,8799
survivethejive,chp_samara,8799
survivethejive,chp_samarabot,8799
survivethejive,addlist,8799
survivethejive,gothorum1996,8795
survivethejive,vaultofsecrets88,8794
survivethejive,vaultofsecrets88,8793
survivethejive,vaultofsecrets88,8792
survivethejive,survivethejive,8791
survivethejive,thechadpastoralist,8790
survivethejive,TheBeakerGirl,8788
survivethejive,survivethejive,8786
survivethejive,survivethejive,8785
survivethejive,survivethejive,8784
survivethejive,survivethejive,8783
survivethejive,survivethejive,8782
survivethejive,genoshistoria,8779
survivethejive,odal24,8776
survivethejive,odal24,8773
survivethejive,survivethejive,8770
survivethejive,survivethejive,8769
survivethejive,survivethejive,8768
survivethejive,survivethejive,8767
survivethejive,survivethejive,8766
survivethejive,survivethejive,8765
survivethejive,survivethejive,8764
survivethejive,survivethejive,8763
survivethejive,survivethejive,8762
survivethejive,survivethejive,8749
survivethejive,survivethejive,8748
survivethejive,survivethejive,8747
survivethejive,survivethejive,8746
survivethejive,survivethejive,8745
survivethejive,survivethejive,8744
survivethejive,thechadpastoralist,8743
survivethejive,germanicpaganism,8741
survivethejive,thechadpastoralist,8741
survivethejive,sagnamadr,8740
survivethejive,survivethejive,8739
survivethejive,germanic_religion,8738
survivethejive,germanic_religion,8737
survivethejive,germanic_religion,8736
survivethejive,germanic_religion,8735
survivethejive,germanic_religion,8734
survivethejive,redbadshall,8731
survivethejive,redbadshall,8730
survivethejive,redbadshall,8729
survivethejive,redbadshall,8728
survivethejive,traditionalam,8725
survivethejive,traditionalam,8724
survivethejive,traditionalam,8723
survivethejive,traditionalam,8722
survivethejive,survivethejive,8715
survivethejive,survivethejive,8712
survivethejive,TheWessexNomad,8711
survivethejive,survivethejive,8702
survivethejive,survivethejive,8701
survivethejive,survivethejive,8700
survivethejive,survivethejive,8699
survivethejive,survivethejive,8698
survivethejive,survivethejive,8697
survivethejive,survivethejive,8696
survivethejive,survivethejive,8694
survivethejive,vinniesullivan,8689
survivethejive,sagnamadr,8675
survivethejive,hearthfireradio,8673
survivethejive,TheBeakerGirl,8672
survivethejive,TheBeakerGirl,8671
survivethejive,survivethejive,8669
survivethejive,survivethejive,8668
survivethejive,survivethejive,8666
ArminiusNew,thexyztelegram,1061
ArminiusNew,theferrymanstoll,1054
ArminiusNew,theferrymanstoll,1053
ArminiusNew,theferrymanstoll,1042
ArminiusNew,theferrymanstoll,1041
ArminiusNew,theferrymanstoll,1040
ArminiusNew,theferrymanstoll,1038
ArminiusNew,theferrymanstoll,1037
ArminiusNew,SteveLaws19,1029
ArminiusNew,SteveLaws19,1028
ArminiusNew,theferrymanstoll,1022
ArminiusNew,theferrymanstoll,980
ArminiusNew,redicetv,965
ArminiusNew,redicetv,964
ArminiusNew,theferrymanstoll,928
ArminiusNew,theferrymanstoll,913
ArminiusNew,redicetv,885
ArminiusNew,theferrymanstoll,864
ArminiusNew,zoomerwaffen08,841
ArminiusNew,theferrymanstoll,837
ArminiusNew,BellumActaNews,829
ArminiusNew,thuletide,826
ArminiusNew,thuletide,825
ArminiusNew,redicetv,817
ArminiusNew,RealVincentJames,792
ArminiusNew,RealVincentJames,791
ArminiusNew,realvincentjames,790
ArminiusNew,RealVincentJames,790
WLM_EU_ITALY,MOfficial14,1439
WLM_EU_ITALY,WhiteLivesMatterOfficial,1439
WLM_EU_ITALY,telivesmatterofficial,1436
WLM_EU_ITALY,wlm_events ,1435
WLM_EU_ITALY,"WLMOfficial14
",1435
WLM_EU_ITALY,"WhiteLivesMatterOfficial
",1435
WLM_EU_ITALY,WhiteLivesMatterOfficial,1435
WLM_EU_ITALY,WhiteLivesMatterOfficial,1434
WLM_EU_ITALY,europa_the_last_battle_blu_ray ,1434
WLM_EU_ITALY,wlmcontactbot ,1434
WLM_EU_ITALY,"WhiteLivesMatterOfficial
",1434
WLM_EU_ITALY,BloccoStudentescoNazionale,1433
WLM_EU_ITALY,BloccoStudentescoNazionale,1432
WLM_EU_ITALY,BloccoStudentescoNazionale,1431
WLM_EU_ITALY,"WLMOfficial14
",1430
WLM_EU_ITALY,"WhiteLivesMatterOfficial
",1430
WLM_EU_ITALY,WhiteLivesMatterOfficial,1430
WLM_EU_ITALY,WhiteLivesMatterOfficial,1429
WLM_EU_ITALY,eLivesMatterOfficial,1425
WLM_EU_ITALY,WLM_ITA_VIDEO,1424
WLM_EU_ITALY,LM_EU_ITALY,1424
WLM_EU_ITALY,"LMContactBot

",1420
WLM_EU_ITALY,eLivesMatterOfficial,1420
WLM_EU_ITALY,DevonStack,1418
WLM_EU_ITALY,WLM_ITA_VIDEO,1418
WLM_EU_ITALY,LM_EU_ITALY,1418
WLM_EU_ITALY,"WLM_EU_ITALY
",1417
WLM_EU_ITALY,WhiteLivesMatterOfficial,1417
WLM_EU_ITALY,WLM_EU_ITALY,1416
WLM_EU_ITALY,wlm_it_ch_admin,1415
WLM_EU_ITALY,eLivesMatterOfficial,1415
WLM_EU_ITALY,"WLMContactbot
",1414
WLM_EU_ITALY,WLMOfficial14,1414
WLM_EU_ITALY,"WhiteLivesMatterOfficial
",1414
WLM_EU_ITALY,WhiteLivesMatterOfficial,1414
WLM_EU_ITALY,wlm_it_ch_admin,1413
WLM_EU_ITALY,teLivesMatterOfficial,1413
WLM_EU_ITALY,WLM_ITA_MATERIALE,1412
WLM_EU_ITALY,WLM_IT_CH_Admin,1412
WLM_EU_ITALY,hiteLivesMatterOfficial,1412
WLM_EU_ITALY,WLMOfficial14,1411
WLM_EU_ITALY,"WhiteLivesMatterOfficial
",1411
WLM_EU_ITALY,WhiteLivesMatterOfficial,1411
WLM_EU_ITALY,"WLMOfficial14
",1410
WLM_EU_ITALY,"WhiteLivesMatterOfficial
",1410
WLM_EU_ITALY,WhiteLivesMatterOfficial,1410
WLM_EU_ITALY,whitelivesmatterofficial,1403
WLM_EU_ITALY,wlm_eu_italy,1403
WLM_EU_ITALY,"WLMOfficial14
",1401
WLM_EU_ITALY,"WhiteLivesMatterOfficial
",1401
WLM_EU_ITALY,WhiteLivesMatterOfficial,1401
WLM_EU_ITALY,whitelivesmatterofficial,1393
WLM_EU_ITALY,wlm_eu_italy,1393
WLM_EU_ITALY,whitelivesmatterofficial,1385
WLM_EU_ITALY,wlm_eu_italy,1385
"TricoloreDelSangueItalico
",ricoloreDelSangueItalico,321
"TricoloreDelSangueItalico
",TricoloreDelSangueItalico,319
"TricoloreDelSangueItalico
",TricoloreDelSangueItalico,316
"TricoloreDelSangueItalico
",TricoloreDelSangueItalico,311
"TricoloreDelSangueItalico
",TricoloreDelSangueItalico,309
"TricoloreDelSangueItalico
",oloreDelSangueItalico,305
"TricoloreDelSangueItalico
",TricoloreDelSangueItalico,297
"TricoloreDelSangueItalico
",socialnazionalismo,294
"TricoloreDelSangueItalico
",brescia_ai_bresciani,291
"TricoloreDelSangueItalico
",ricoloreDelSangueItalico,289
"TricoloreDelSangueItalico
",TricoloreDelSangueItalico,286
"TricoloreDelSangueItalico
",identitaeuropeaI,284
"TricoloreDelSangueItalico
",TricoloreDelSangueItalico,276
"TricoloreDelSangueItalico
",tricoloredelsangueitalico,269
"TricoloreDelSangueItalico
",ricoloreDelSangueItalico,267
"TricoloreDelSangueItalico
",tricoloredelsangueitalico,267
"TricoloreDelSangueItalico
",TricoloreDelSangueItalico,263
"TricoloreDelSangueItalico
",tricoloredelsangueitalico,263
"TricoloreDelSangueItalico
",TricoloreDelSangueItalico,260
"TricoloreDelSangueItalico
",tricoloredelsangueitalico,256
"TricoloreDelSangueItalico
",TricoloreDelSangueItalico,250
"TricoloreDelSangueItalico
",TricoloreDelSangueItalico,247
"TricoloreDelSangueItalico
",TricoloreDelSangueItalico,244
"TricoloreDelSangueItalico
",PatriaetNatura,237
"TricoloreDelSangueItalico
",PatriaetNatura,235
"TricoloreDelSangueItalico
",PatriaetNatura,234
"TricoloreDelSangueItalico
",tricoloredelsangueitalico,230
"TricoloreDelSangueItalico
",TricoloreDelSangueItalico,222
"TricoloreDelSangueItalico
",survivethejive,216
"TricoloreDelSangueItalico
",survivethejive,215
"TricoloreDelSangueItalico
",survivethejive,214
"TricoloreDelSangueItalico
",survivethejive,213
"TricoloreDelSangueItalico
",TricoloreDelSangueItalico,204
"TricoloreDelSangueItalico
",TricoloreDelSangueItalico,201
"TricoloreDelSangueItalico
",ArminiusNew,199
"TricoloreDelSangueItalico
",ArminiusNew,198
"TricoloreDelSangueItalico
",WLM_EU_ITALY,196
"TricoloreDelSangueItalico
",WLM_EU_ITALY,195
"TricoloreDelSangueItalico
",WLM_EU_ITALY,194
"TricoloreDelSangueItalico
","TricoloreDelSangueItalico
",192
"TricoloreDelSangueItalico
",TricoloreDelSangueItalico,180
"TricoloreDelSangueItalico
",markacollett,169
"TricoloreDelSangueItalico
",ultrasnotreds2,165
"TricoloreDelSangueItalico
",SouthAfricaReports,164
"TricoloreDelSangueItalico
",passaggioalboscoedizioni,140
"TricoloreDelSangueItalico
",Katarina,134
"TricoloreDelSangueItalico
",TricoloreDelSangueItalico,106
markacollett,Reacto2025,18605
markacollett,rossmueller_dissident,18598
markacollett,realwelshnationalist,18590
markacollett,Reacto2025,18582
markacollett,UnityNewsNetwork,18578
markacollett,UnityNewsNetwork,18577
markacollett,danerikssonSE,18574
markacollett,keith_woods,18573
markacollett,JAMESGODDARDNEWS2,18570
markacollett,realblaircottrell,18566
markacollett,rossmueller_dissident,18562
markacollett,saintharrison,18561
markacollett,UnityNewsNetwork,18559
markacollett,realwelshnationalist,18557
markacollett,saintharrison,18555
markacollett,EnglishNationalist1066,18554
markacollett,lauratowler,18553
markacollett,Reacto2025,18551
markacollett,nativistconcern,18550
markacollett,celticmoonco,18544
markacollett,informationliberation,18540
markacollett,egatron_ron,18537
markacollett,megatron_ron,18537
markacollett,rnintel,18536
markacollett,NoticerNews,18530
markacollett,JackEltis,18527
markacollett,PatrioticAlternativeOfficial,18524
markacollett,rossmueller_dissident,18523
markacollett,rossmueller_dissident,18522
markacollett,rossmueller_dissident,18521
markacollett,DDGAdvertisingBot,18501
markacollett,DDGeopolitics,18501
markacollett,UnityNewsNetwork,18499
markacollett,saintharrison,18483
markacollett,realblaircottrell,18474
markacollett,whitelaborstrikeww,18461
markacollett,lauratowler,18459
markacollett,realwelshnationalist,18459
markacollett,UnityNewsNetwork,18456
markacollett,lauratowler,18451
markacollett,internetpuke,18449
markacollett,demacre,18441
markacollett,realblaircottrell,18441
markacollett,UnityNewsNetwork,18438
markacollett,JustDudeChannel,18435
markacollett,realwelshnationalist,18431
markacollett,PatrioticAlternativeOfficial,18430
markacollett,warrenbalogh88,18427
markacollett,WhiteVanguard1,18420
markacollett,PatrioticAlternativeOfficial,18420
markacollett,lauratowler,18413
markacollett,warrenbalogh88,18410
markacollett,PatrioticAlternativeOfficial,18406
markacollett,NoticerNews,18403
markacollett,PatrioticAlternativeOfficial,18402
markacollett,geopolitics_prime,18398
markacollett,TommyRobinsonNews,18394
markacollett,lauratowler,18394
markacollett,PatrioticAlternativeOfficial,18392
markacollett,lauratowler,18388
markacollett,WhiteVanguard1,18385
markacollett,PatrioticAlternativeOfficial,18382
markacollett,lauratowler,18380
markacollett,rossmueller_dissident,18376
markacollett,NoticerNews,18369
markacollett,NoticerNews,18365
markacollett,ZoomerHistorian,18363
markacollett,PatrioticAlternativeOfficial,18362
markacollett,NoticerNews,18359
markacollett,UnityNewsNetwork,18357
markacollett,UnderwaterLair,18355
markacollett,WhiteNSW,18352
markacollett,whitensw,18352
markacollett,NoticerNews,18351
markacollett,nativistconcern,18344
markacollett,disclosetv,18338
markacollett,UnityNewsNetwork,18333
markacollett,leagueofpaladins,18312
markacollett,Middle_East_Spectator,18311
markacollett,davidkurten,18310
markacollett,TraditionalBritainGroup,18308
ultrasnotreds2,ultrasnotreds8,3538
ultrasnotreds2,ultrasnotreds8,3537
ultrasnotreds2,egirls14,3536
ultrasnotreds2,whitegirls14,3536
ultrasnotreds2,boost,3535
ultrasnotreds2,ultrasnotreds81,3527
ultrasnotreds2,treds_bot,3527
ultrasnotreds2,ultrasnotreds8,3527
ultrasnotreds2,ultrasnotreds81,3526
ultrasnotreds2,Notreds_bot,3526
ultrasnotreds2,ultrasnotreds8,3526
ultrasnotreds2,blut_und_ehre28,3525
ultrasnotreds2,trasCroatia2,3523
ultrasnotreds2,UltrasCroatia,3523
ultrasnotreds2,"UltrasCroatia
",3523
ultrasnotreds2,boost,3522
ultrasnotreds2,ultrasnotreds8,3520
ultrasnotreds2,ultrasnotreds81,3518
ultrasnotreds2,eds_bot,3518
ultrasnotreds2,tcasual7e,3517
ultrasnotreds2,ltrasnotreds8,3515
ultrasnotreds2,krovna_yednist,3515
ultrasnotreds2,ultrasnotreds8,3515
ultrasnotreds2,ultrasnotreds8,3514
ultrasnotreds2,ultrasnotreds8,3513
ultrasnotreds2,boost,3508
ultrasnotreds2,ltrasnotreds8,3506
ultrasnotreds2,otreds_bot,3505
ultrasnotreds2,boost,3505
ultrasnotreds2,ultrasnotreds8,3498
ultrasnotreds2,ultrasnotreds8,3486
ultrasnotreds2,ltrasnotreds2,3481
ultrasnotreds2,ltrasnotreds2,3480
ultrasnotreds2,ltrasnotreds3,3479
ultrasnotreds2,rasnotreds2,3478
ultrasnotreds2,WBsthlm,3477
ultrasnotreds2,rasnotreds2,3476
ultrasnotreds2,ltrasnotreds2,3475
ultrasnotreds2,ltrasnotreds2,3474
ultrasnotreds2,ltrasnotreds2,3473
ultrasnotreds2,notreds2,3472
ultrasnotreds2,ltrasnotreds2,3471
ultrasnotreds2,ltrasnotreds2,3470
ultrasnotreds2,hooliganscz1999,3469
ultrasnotreds2,ltrasnotreds2,3468
ultrasnotreds2,skumshot,3467
ultrasnotreds2,ltrasnotreds2,3466
ultrasnotreds2,trasnotreds2,3465
ultrasnotreds2,trasnotreds2,3459
ultrasnotreds2,ltrasnotreds2,3457
ultrasnotreds2,samuraideoccidente,3456
ultrasnotreds2,samuraideoccidente,3455
ultrasnotreds2,samuraideoccidente,3454
ultrasnotreds2,action_radar_europe,3453
ultrasnotreds2,samuraideoccidente,3453
ultrasnotreds2,trasnotreds2,3452
ultrasnotreds2,ultrasnotreds2,3451
ultrasnotreds2,ultrasnotreds2,3449
ultrasnotreds2,rasnotreds2,3448
ultrasnotreds2,ltrasnotreds2,3447
ultrasnotreds2,ltrasnotreds2,3446
ultrasnotreds2,rasnotreds2,3444
ultrasnotreds2,rasnotreds2,3443
ultrasnotreds2,ultrasnotreds2,3438
ultrasnotreds2,rasnotreds2,3436
ultrasnotreds2,ultrasnotreds2,3435
ultrasnotreds2,ultrasnotreds8,3433
ultrasnotreds2,ltrasnotreds2,3432
ultrasnotreds2,notreds2,3428
ultrasnotreds2,ultrasnotreds2,3427
ultrasnotreds2,otreds2,3426
ultrasnotreds2,ltrasnotreds2,3423
ultrasnotreds2,ltrasnotreds2,3422
ultrasnotreds2,ultrasnotreds2,3419
ultrasnotreds2,notreds2,3418
ultrasnotreds2,ultrasnotreds2,3417
ultrasnotreds2,otreds2,3408
ultrasnotreds2,ltrasnotreds2,3407
ultrasnotreds2,otreds2,3406
ultrasnotreds2,ltrasnotreds2,3405
ultrasnotreds2,otreds2,3402
ultrasnotreds2,ultrasnotreds2,3400
ultrasnotreds2,rasnotreds2,3399
ultrasnotreds2,ltrasnotreds2,3398
ultrasnotreds2,otreds2,3395
ultrasnotreds2,notreds2,3390
ultrasnotreds2,ultrasnotreds2,3388
ultrasnotreds2,notreds2,3386
ultrasnotreds2,ultrasnotreds2,3383
ultrasnotreds2,ltrasnotreds2,3381
ultrasnotreds2,rasnotreds2,3380
ultrasnotreds2,rasnotreds2,3377
ultrasnotreds2,notreds2,3376
ultrasnotreds2,hooliganscz1999,3374
ultrasnotreds2,ltrasnotreds2,3373
ultrasnotreds2,notreds2,3370
ultrasnotreds2,ltrasnotreds2,3365
ultrasnotreds2,treds2,3363
ultrasnotreds2,youthallianceforever,3363
ultrasnotreds2,ltrasnotreds2,3361
ultrasnotreds2,ltrasnotreds2,3360
ultrasnotreds2,ltrasnotreds2,3358
ultrasnotreds2,BBsympathisants,3356
ultrasnotreds2,ltrasnotreds2,3356
ultrasnotreds2,KorserNantes,3356
ultrasnotreds2,ActiveClubFrance,3356
ultrasnotreds2,auctorum,3356
ultrasnotreds2,viridogalia,3356
ultrasnotreds2,OriflammeRennes,3356
ultrasnotreds2,ltrasnotreds2,3355
ultrasnotreds2,ltrasnotreds2,3352
ultrasnotreds2,ultrasnotreds2,3349
ultrasnotreds2,ltrasnotreds2,3348
ultrasnotreds2,notreds2,3346
ultrasnotreds2,youthallianceforever,3346
ultrasnotreds2,notreds2,3345
ultrasnotreds2,ltrasnotreds2,3344
ultrasnotreds2,ultrasnotreds2,3339
ultrasnotreds2,ltrasnotreds2,3336
ultrasnotreds2,ltrasnotreds2,3332
ultrasnotreds2,ultrasnotreds2,3331
ultrasnotreds2,ltrasnotreds2,3329
ultrasnotreds2,ltrasnotreds2,3328
ultrasnotreds2,ultrasnotreds2,3327
ultrasnotreds2,ultrasnotreds2,3326
ultrasnotreds2,nsdniprocrew,3324
ultrasnotreds2,ltrasnotreds2,3324
ultrasnotreds2,ltrasnotreds2,3323
ultrasnotreds2,ltrasnotreds2,3322
ultrasnotreds2,ltrasnotreds2,3321
ultrasnotreds2,ultrasnotreds2,3320
ultrasnotreds2,notreds2,3319
ultrasnotreds2,LevskiSofiaScarves,3316
ultrasnotreds2,ltrasnotreds2,3314
ultrasnotreds2,ltrasnotreds2,3313
ultrasnotreds2,ultrasnotreds2,3312
ultrasnotreds2,ltrasnotreds2,3311
ultrasnotreds2,ltrasnotreds2,3310
ultrasnotreds2,ltrasnotreds2,3309
ultrasnotreds2,ltrasnotreds2,3308
ultrasnotreds2,ultrasnotreds2,3307
ultrasnotreds2,ltrasnotreds2,3306
ultrasnotreds2,ltrasnotreds2,3304
ultrasnotreds2,ultrasnotreds2,3302
ultrasnotreds2,rasnotreds2,3299
ultrasnotreds2,Russ_Center,3298
ultrasnotreds2,ultrasnotreds2,3298
ultrasnotreds2,rasnotreds2,3295
ultrasnotreds2,rasnotreds2,3293
ultrasnotreds2,trasnotreds2,3292
ultrasnotreds2,ltrasnotreds2,3290
ultrasnotreds2,ultrasnotreds2,3289
ultrasnotreds2,ltrasnotreds2,3288
ultrasnotreds2,ultrasnotreds2,3285
ultrasnotreds2,ltrasnotreds2,3283
ultrasnotreds2,ltrasnotreds2,3282
ultrasnotreds2,trasnotreds2,3281
ultrasnotreds2,ltrasnotreds2,3280
ultrasnotreds2,trasnotreds2,3278
ultrasnotreds2,ltrasnotreds2,3272
ultrasnotreds2,asnotreds2,3269
ultrasnotreds2,ltrasnotreds2,3268
ultrasnotreds2,ltrasnotreds2,3265
ultrasnotreds2,ltrasnotreds2,3264
ultrasnotreds2,ltrasnotreds2,3262
ultrasnotreds2,ltrasnotreds2,3261
ultrasnotreds2,ltrasnotreds2,3260
ultrasnotreds2,ltrasnotreds2,3259
ultrasnotreds2,ActiveClubFrance,3258
ultrasnotreds2,ultrasnotreds2,3256
ultrasnotreds2,GymXIV,3255
ultrasnotreds2,ultrasnotreds2,3254
ultrasnotreds2,ltrasnotreds2,3252
ultrasnotreds2,ultrasnotreds2,3249
ultrasnotreds2,ltrasnotreds2,3247
ultrasnotreds2,trasnotreds2,3246
ultrasnotreds2,ltrasnotreds2,3245
ultrasnotreds2,rasnotreds2,3244
ultrasnotreds2,rasnotreds2,3243
ultrasnotreds2,ltrasnotreds2,3242
ultrasnotreds2,rasnotreds2,3241
ultrasnotreds2,ltrasnotreds2,3240
ultrasnotreds2,white_powder2020,3239
ultrasnotreds2,white_powder2020,3238
ultrasnotreds2,white_powder2020,3237
ultrasnotreds2,white_powder2020,3236
ultrasnotreds2,white_powder2020,3235
ultrasnotreds2,white_powder2020,3234
ultrasnotreds2,white_powder2020,3233
ultrasnotreds2,white_powder2020,3232
ultrasnotreds2,russvolcorps,3231
ultrasnotreds2,white_powder2020,3231
ultrasnotreds2,trasnotreds2,3230
ultrasnotreds2,ltrasnotreds2,3226
ultrasnotreds2,ltrasnotreds2,3225
ultrasnotreds2,LevskiSofiaScarves,3224
ultrasnotreds2,trasnotreds2,3223
ultrasnotreds2,ltrasnotreds2,3222
ultrasnotreds2,ultrasnotreds2,3221
ultrasnotreds2,estcasual4,3218
ultrasnotreds2,ouestcasual3e,3218
ultrasnotreds2,comitedu9mai,3218
ultrasnotreds2,ltrasnotreds2,3217
ultrasnotreds2,ltrasnotreds2,3216
ultrasnotreds2,ultrasnotreds2,3215
ultrasnotreds2,ltrasnotreds2,3214
ultrasnotreds2,ltrasnotreds2,3213
ultrasnotreds2,ltrasnotreds2,3212
ultrasnotreds2,trasnotreds2,3210
ultrasnotreds2,gudparis,3210
ultrasnotreds2,ultrasnotreds2,3209
ultrasnotreds2,notreds2,3207
ultrasnotreds2,ultrasnotreds2,3201
ultrasnotreds2,ultrasnotreds2,3198
ultrasnotreds2,ltrasnotreds2,3196
ultrasnotreds2,ltrasnotreds2,3195
ultrasnotreds2,ltrasnotreds2,3194
ultrasnotreds2,ltrasnotreds2,3193
ultrasnotreds2,ltrasnotreds2,3191
ultrasnotreds2,trasnotreds2,3189
ultrasnotreds2,ltrasnotreds2,3186
ultrasnotreds2,nation_europa,3185
ultrasnotreds2,fatumgroup,3185
ultrasnotreds2,notreds2,3184
ultrasnotreds2,ltrasnotreds2,3183
ultrasnotreds2,russvolcorps,3182
ultrasnotreds2,ActiveClubFrance,3182
ultrasnotreds2,the_last_Russian,3182
ultrasnotreds2,rasnotreds2,3181
ultrasnotreds2,ltrasnotreds2,3180
ultrasnotreds2,Aktivklubb_Sverige,3179
ultrasnotreds2,trasnotreds2,3179
ultrasnotreds2,ltrasnotreds2,3178
ultrasnotreds2,ltrasnotreds2,3177
ultrasnotreds2,ab3army,3169
ultrasnotreds2,ltrasnotreds2,3169
ultrasnotreds2,activeclubfinland,3168
ultrasnotreds2,ActiveClubEstonia,3168
ultrasnotreds2,club8finland,3168
ultrasnotreds2,VerenLaki,3168
ultrasnotreds2,tulenvaki,3168
ultrasnotreds2,ltrasnotreds2,3167
ultrasnotreds2,ltrasnotreds2,3166
ultrasnotreds2,ltrasnotreds2,3164
ultrasnotreds2,rasnotreds2,3159
ultrasnotreds2,ltrasnotreds2,3158
ultrasnotreds2,ltrasnotreds2,3157
ultrasnotreds2,ltrasnotreds2,3155
ultrasnotreds2,ltrasnotreds2,3154
ultrasnotreds2,ultrasnotreds2,3152
ultrasnotreds2,ltrasnotreds2,3151
ultrasnotreds2,rasnotreds2,3149
ultrasnotreds2,vallholl,3148
ultrasnotreds2,vallholl,3147
ultrasnotreds2,vallholl,3146
ultrasnotreds2,ultrasnotreds2,3145
ultrasnotreds2,DeutschesFreiwlligenKorps,3144
ultrasnotreds2,agjugend,3144
ultrasnotreds2,DerDritteWegWestsachsen,3144
ultrasnotreds2,DeutschesFreiwilligenKorps,3144
ultrasnotreds2,DeutschesFreiwilligenKorps,3143
ultrasnotreds2,ltrasnotreds2,3142
ultrasnotreds2,ltrasnotreds2,3140
ultrasnotreds2,ltrasnotreds2,3138
ultrasnotreds2,snotreds_bot,3133
ultrasnotreds2,ltrasnotreds2,3132
ultrasnotreds2,ltrasnotreds2,3130
ultrasnotreds2,trasnotreds2,3128
ultrasnotreds2,ultrasnotreds2,3127
SouthAfricaReports,AfricaReports,4719
SouthAfricaReports,outhAfricaReports,4717
SouthAfricaReports,thAfricaReports,4715
SouthAfricaReports,uthAfricaReports,4714
SouthAfricaReports,thAfricaReports,4712
SouthAfricaReports,thAfricaReports,4710
SouthAfricaReports,CIG_telegram,4707
SouthAfricaReports,caReports,4706
SouthAfricaReports,fricaReports,4705
SouthAfricaReports,thAfricaReports,4702
SouthAfricaReports,thAfricaReports,4701
SouthAfricaReports,outhAfricaReports,4698
SouthAfricaReports,outhAfricaReports,4696
SouthAfricaReports,thAfricaReports,4691
SouthAfricaReports,SouthAfricaReports,4689
SouthAfricaReports,thAfricaReports,4686
SouthAfricaReports,SouthAfricaReports,4683
SouthAfricaReports,outhAfricaReports,4682
SouthAfricaReports,ZA_future_of_the_West,4679
SouthAfricaReports,thAfricaReports,4676
SouthAfricaReports,thAfricaReports,4670
SouthAfricaReports,outhAfricaReports,4668
SouthAfricaReports,SouthAfricaReports,4667
SouthAfricaReports,uthAfricaReports,4666
SouthAfricaReports,AfricaReports,4664
SouthAfricaReports,CIG_telegram,4662
SouthAfricaReports,SouthAfricaReports,4661
SouthAfricaReports,hAfricaReports,4656
SouthAfricaReports,thAfricaReports,4655
SouthAfricaReports,uthAfricaReports,4654
SouthAfricaReports,thAfricaReports,4651
SouthAfricaReports,thAfricaReports,4648
SouthAfricaReports,ZA_future_of_the_West,4647
SouthAfricaReports,thAfricaReports,4645
SouthAfricaReports,thAfricaReports,4643
SouthAfricaReports,thAfricaReports,4641
SouthAfricaReports,kiesdries,4637
SouthAfricaReports,thAfricaReports,4636
SouthAfricaReports,CIG_telegram,4630
SouthAfricaReports,hAfricaReports,4623
SouthAfricaReports,BellumActaNews,4621
SouthAfricaReports,BellumActaNews,4615
SouthAfricaReports,BellumActaNews,4613
SouthAfricaReports,SouthAfricaReports,4609
SouthAfricaReports,thAfricaReports,4606
SouthAfricaReports,hAfricaReports,4605
SouthAfricaReports,CIG_telegram,4602
SouthAfricaReports,thAfricaReports,4600
SouthAfricaReports,thuletide,4594
SouthAfricaReports,ZA_future_of_the_West,4591
SouthAfricaReports,thAfricaReports,4590
SouthAfricaReports,SouthAfricaReports,4587
SouthAfricaReports,thAfricaReports,4578
SouthAfricaReports,HuWhitePapers,4577
SouthAfricaReports,ZA_future_of_the_West,4574
SouthAfricaReports,SouthAfricaReports,4557
SouthAfricaReports,saviolence1,4540
SouthAfricaReports,saviolence1,4539
SouthAfricaReports,saviolence1,4538
SouthAfricaReports,uthAfricaReports,4526
SouthAfricaReports,ZA_future_of_the_West,4525
SouthAfricaReports,BellumActaNews,4510
SouthAfricaReports,markacollett,4508
SouthAfricaReports,ZA_future_of_the_West,4505
SouthAfricaReports,ZA_future_of_the_West,4496
SouthAfricaReports,CIG_telegram,4479
SouthAfricaReports,CIG_telegram,4476
SouthAfricaReports,CIG_telegram,4475
SouthAfricaReports,thAfricaReports,4470
SouthAfricaReports,AmRenOfficial,4469
SouthAfricaReports,BittereindersZA,4459
SouthAfricaReports,ZA_future_of_the_West,4456
SouthAfricaReports,SouthAfricaReports,4438
SouthAfricaReports,legram,4434
SouthAfricaReports,CIG_telegram,4434
SouthAfricaReports,BellumActaNews,4433
SouthAfricaReports,BellumActaNews,4432
SouthAfricaReports,CIG_telegram,4430
SouthAfricaReports,CIG_telegram,4428
SouthAfricaReports,CIG_telegram,4427
SouthAfricaReports,CIG_telegram,4426
SouthAfricaReports,CIG_telegram,4425
SouthAfricaReports,ZA_future_of_the_West,4421
SouthAfricaReports,CapeIndependent,4420
passaggioalboscoedizioni,nprimopiano,2053
