from,to,type
nsc131official:521,nsc131official:282,link
nsc131official:504,nsc131official:503,reply
nsc131official:503,pineupdates:228,forward
nsc131official:500,pineupdates:217,forward
nsc131official:471,nsc131official:444,link
nsc131official:454,nsc131official:444,link
nsc131official:408,nsc131official:391,link
nsc131official:321,pineupdates:152,forward
nsc131official:314,pineupdates:132,forward
nsc131official:306,pineupdates:127,forward
nsc131official:259,nsc131videos:7,link
nsc131official:206,pineupdates:89,forward
nsc131official:134,nsc131official:132,link
nsc131official:134,nsc131official:132,reply
nsc131official:121,nsc131official:114,link
nsc131official:100,nsc131videos:8,link
nsc131official:100,nsc131videos:9,link
nsc131official:100,nsc131videos:10,link
nsc131official:100,nsc131videos:11,link
nsc131official:100,nsc131videos:12,link
nsc131official:100,nsc131videos:13,link
nsc131official:100,nsc131videos:14,link
nsc131official:100,nsc131videos:15,link
nsc131official:100,nsc131official:32,link
nsc131official:100,nsc131official:50,link
nsc131official:100,nsc131official:67,link
nsc131official:100,nsc131official:79,link
nsc131official:100,nsc131official:94,link
pineupdates:238,pineupdates:180,link
pineupdates:238,pineupdates:202,link
pineupdates:238,pineupdates:216,link
pineupdates:238,pineupdates:229,link
pineupdates:238,pineupdates:236,reply
pineupdates:237,pineupdates:200,link
pineupdates:237,pineupdates:187,link
pineupdates:237,pineupdates:186,link
pineupdates:237,pineupdates:181,link
pineupdates:237,pineupdates:190,link
pineupdates:237,pineupdates:236,link
pineupdates:225,pineupdates:224,reply
thewesternchauvinist7:12164,thewesternchauvinist1:1730,forward
thewesternchauvinist7:12162,thewesternchauvinist1:1728,forward
thewesternchauvinist7:12161,thewesternchauvinist1:1727,forward
thewesternchauvinist7:12160,nationalist13:2049,forward
thewesternchauvinist7:12159,thewesternchauvinist1:1717,forward
thewesternchauvinist7:12158,thewesternchauvinist1:1699,forward
thewesternchauvinist7:12157,thewesternchauvinist1:1697,forward
thewesternchauvinist7:12156,thewesternchauvinist1:1696,forward
thewesternchauvinist7:12155,thewesternchauvinist1:1687,forward
thewesternchauvinist7:12154,thewesternchauvinist1:1686,forward
thewesternchauvinist7:12153,thewesternchauvinist1:1680,forward
thewesternchauvinist7:12152,thewesternchauvinist1:1679,forward
thewesternchauvinist7:12151,thewesternchauvinist1:1675,forward
thewesternchauvinist7:12150,thewesternchauvinist1:1671,forward
thewesternchauvinist7:12149,thewesternchauvinist1:1666,forward
thewesternchauvinist7:12147,thewesternchauvinist1:1662,forward
thewesternchauvinist7:12146,thewesternchauvinist1:1659,forward
thewesternchauvinist7:12145,thewesternchauvinist1:1658,forward
thewesternchauvinist7:12144,thewesternchauvinist1:1656,forward
thewesternchauvinist7:12143,thewesternchauvinist1:1654,forward
thewesternchauvinist7:12142,thewesternchauvinist1:1653,forward
thewesternchauvinist7:12141,thewesternchauvinist1:1652,forward
thewesternchauvinist7:12140,thewesternchauvinist1:1651,forward
thewesternchauvinist7:12139,thewesternchauvinist1:1650,forward
thewesternchauvinist7:12138,thewesternchauvinist1:1649,forward
thewesternchauvinist7:12135,thewesternchauvinist1:1646,forward
thewesternchauvinist7:12134,thewesternchauvinist1:1645,forward
thewesternchauvinist7:12133,thewesternchauvinist1:1638,forward
thewesternchauvinist7:12130,thewesternchauvinist1:1618,forward
thewesternchauvinist7:12129,thewesternchauvinist1:1616,forward
thewesternchauvinist7:12127,thewesternchauvinist1:1582,forward
thewesternchauvinist7:12126,thewesternchauvinist1:1581,forward
thewesternchauvinist7:12125,thewesternchauvinist1:1580,forward
thewesternchauvinist7:12124,thewesternchauvinist1:1579,forward
thewesternchauvinist7:12123,thewesternchauvinist1:1578,forward
thewesternchauvinist7:12122,thewesternchauvinist1:1532,forward
thewesternchauvinist7:12121,americanfreedomparty:1230,forward
thewesternchauvinist7:12120,thewesternchauvinist1:1502,forward
thewesternchauvinist7:12118,thewesternchauvinist1:1466,forward
thewesternchauvinist7:12117,thewesternchauvinist1:1440,forward
thewesternchauvinist7:12111,americanfreedomparty:1219,forward
thewesternchauvinist7:12100,fashposting:4735,forward
thewesternchauvinist7:12099,nsaparty:457,forward
thewesternchauvinist7:12085,americanfreedomparty:1197,forward
thewesternchauvinist7:12056,whitecanada1:199,forward
thewesternchauvinist7:12052,thewesternchauvinist11:3848,forward
thewesternchauvinist7:12046,whitecanada1:164,forward
thewesternchauvinist7:12023,thewesternchauvinist7:12022,reply
thewesternchauvinist7:12014,nsaparty:416,forward
thewesternchauvinist7:12005,thewesternchauvinist7:12004,reply
thewesternchauvinist7:11992,nsaparty:403,forward
thewesternchauvinist7:11986,nsaparty:400,forward
thewesternchauvinist7:11959,nsaparty:392,forward
thewesternchauvinist7:11956,thewesternchauvinist11:3746,forward
thewesternchauvinist7:11952,nsaparty:391,forward
thewesternchauvinist7:11948,thewesternchauvinist11:3732,forward
thewesternchauvinist7:11944,thewesternchauvinist11:3712,forward
thewesternchauvinist7:11937,thewesternchauvinist11:3693,forward
thewesternchauvinist7:11890,bigskyac_uncensor3d:204,forward
thewesternchauvinist7:11889,thewesternchauvinist11:3599,forward
thewesternchauvinist1:1723,nationalist13:2049,forward
thewesternchauvinist1:1710,nationalist13:2042,forward
thewesternchauvinist1:1697,thewesternchauvinist1:1696,reply
thewesternchauvinist1:1696,thewesternchauvinist1:1689,reply
thewesternchauvinist1:1689,thewesternchauvinist1:1688,reply
thewesternchauvinist1:1685,thewesternchauvinist1:1681,reply
thewesternchauvinist1:1684,thewesternchauvinist1:1682,reply
thewesternchauvinist1:1668,thewesternchauvinist1:1667,reply
thewesternchauvinist1:1659,thewesternchauvinist1:1658,reply
thewesternchauvinist1:1644,thewesternchauvinist1:1643,reply
thewesternchauvinist1:1642,thewesternchauvinist1:1639,reply
thewesternchauvinist1:1614,thewesternchauvinist1:1611,reply
thewesternchauvinist1:1596,tomsewelluncensored:1151,forward
thewesternchauvinist1:1595,thewesternchauvinist1:1593,reply
thewesternchauvinist1:1592,tomsewelluncensored:1139,forward
thewesternchauvinist1:1589,thewesternchauvinist1:1585,reply
thewesternchauvinist1:1584,thewesternchauvinist1:1583,reply
thewesternchauvinist1:1555,nationalist13:2022,forward
thewesternchauvinist1:1536,bigskyac_uncensor3d:234,forward
thewesternchauvinist1:1509,realblaircottrell:7128,forward
thewesternchauvinist1:1507,nationalist13:2014,forward
thewesternchauvinist1:1503,americanfreedomparty:1230,forward
thewesternchauvinist1:1489,jimboredux:2172,forward
thewesternchauvinist1:1488,jimboredux:2171,forward
thewesternchauvinist1:1486,thewesternchauvinist1:1485,reply
thewesternchauvinist1:1467,americanfreedomparty:1228,forward
thewesternchauvinist1:1465,thewesternchauvinist1:1464,reply
thewesternchauvinist1:1464,thewesternchauvinist1:1462,reply
thewesternchauvinist1:1456,nationalist13:2007,forward
thewesternchauvinist1:1454,thewesternchauvinist1:1453,reply
thewesternchauvinist1:1448,thewesternchauvinist1:1447,reply
nationalist13:2047,nationalist13:2046,reply
nationalist13:2044,whitecanada1:419,forward
nationalist13:2044,nationalist13:2043,reply
nationalist13:2031,nationalist13:2030,reply
nationalist13:2030,whitecanada1:407,forward
nationalist13:2013,nationalist13:2012,reply
nationalist13:2012,nationalist13:1798,forward
nationalist13:2004,nationalist13:2003,reply
nationalist13:2002,whitecanada1:386,forward
nationalist13:2000,nationalist13:1996,link
nationalist13:2000,nationalist13:1996,reply
nationalist13:1995,whitecanada1:377,forward
nationalist13:1983,whitecanada1:359,forward
nationalist13:1973,whitecanada1:337,forward
nationalist13:1953,whitecanada1:292,forward
nationalist13:1953,nationalist13:1952,reply
nationalist13:1951,whitecanada1:288,forward
nationalist13:1944,whitecanada1:270,forward
nationalist13:1938,whitecanada1:259,forward
nationalist13:1934,whitecanada1:254,forward
nationalist13:1929,whitecanada1:242,forward
nationalist13:1924,whitecanada1:233,forward
nationalist13:1917,whitecanada1:220,forward
nationalist13:1915,whitecanada1:218,forward
nationalist13:1913,whitecanada1:216,forward
nationalist13:1906,nationalist13:1905,reply
nationalist13:1904,whitecanada1:202,forward
nationalist13:1903,nationalist13:1902,reply
nationalist13:1902,nationalist13:1872,forward
nationalist13:1897,whitecanada1:192,forward
nationalist13:1896,nationalist13:1895,reply
nationalist13:1895,nationalist13:1894,reply
nationalist13:1876,whitecanada1:175,forward
nationalist13:1847,nationalist13:1846,reply
nationalist13:1846,nationalist13:1798,forward
nationalist13:1844,nationalist13:1843,reply
nationalist13:1826,nationalist13:1816,forward
nationalist13:1817,nationalist13:1816,reply
nationalist13:1795,nationalist13:1794,reply
nationalist13:1791,nationalist13:1790,reply
nationalist13:1787,nationalist13:1786,reply
nationalist13:1776,nationalist13:1775,reply
nationalist13:1774,nationalist13:1773,reply
nationalist13:1754,nationalist13:1753,reply
americanfreedomparty:1229,thewesternchauvinist1:1502,forward
americanfreedomparty:1121,americanfreedomparty:1117,reply
americanfreedomparty:1102,americanfreedomparty:1101,reply
americanfreedomparty:1084,americanfreedomparty:1050,link
americanfreedomparty:1078,americanfreedomparty:1077,reply
americanfreedomparty:1034,americanfreedomparty:1033,reply
americanfreedomparty:993,americanfreedomparty:992,reply
americanfreedomparty:990,americanfreedomparty:989,reply
americanfreedomparty:980,americanfreedomparty:979,reply
americanfreedomparty:954,americanfreedomparty:951,reply
americanfreedomparty:940,americanfreedomparty:939,reply
americanfreedomparty:922,americanfreedomparty:921,reply
americanfreedomparty:915,americanfreedomparty:914,reply
hbmw88:23321,hbmw88:23320,reply
hbmw88:23240,hbmw88:23237,reply
hbmw88:23239,hbmw88:23237,reply
hbmw88:23238,hbmw88:23237,reply
hbmw88:23140,hbmw88:23138,reply
hbmw88:23133,hbmw88:23132,reply
hbmw88:23125,hbmw88:23123,reply
hbmw88:23111,hbmw88:23054,reply
hbmw88:23092,hbmw88:23089,reply
hbmw88:23089,hbmw88:23087,reply
hbmw88:23080,hbmw88:23052,reply
fashposting:4799,thewesternchauvinist1:1675,forward
fashposting:4792,fashposting:4791,reply
fashposting:4782,fashposting:4781,reply
fashposting:4764,fashposting:4763,reply
fashposting:4761,fashposting:4759,reply
fashposting:4754,realblaircottrell:7099,forward
fashposting:4740,fashposting:4738,reply
fashposting:4671,fashposting:4670,reply
fashposting:4624,fashposting:4623,reply
fashposting:4622,fashposting:4621,reply
fashposting:4620,fashposting:4619,reply
fashposting:4576,fashposting:4575,reply
fashposting:4547,fashposting:4546,reply
fashposting:4532,fashposting:4531,reply
fashposting:4514,fashposting:4512,reply
fashposting:4512,fashposting:4511,reply
fashposting:4499,americanfreedomparty:1152,forward
nsaparty:394,nsaparty:393,reply
nsaparty:342,nsaparty:309,reply
whitecanada1:423,nationalist13:2049,forward
whitecanada1:422,nationalist13:2047,forward
whitecanada1:421,nationalist13:2046,forward
whitecanada1:420,nationalist13:2045,forward
whitecanada1:419,whitecanada1:418,reply
whitecanada1:417,nationalist13:2042,forward
whitecanada1:416,nationalist13:2036,forward
whitecanada1:415,nationalist13:2038,forward
whitecanada1:411,nationalist13:2033,forward
whitecanada1:399,nationalist13:2020,forward
whitecanada1:397,nationalist13:2016,forward
whitecanada1:395,nationalist13:2015,forward
whitecanada1:393,nationalist13:2014,forward
whitecanada1:391,nationalist13:2007,forward
whitecanada1:383,nationalist13:2000,forward
whitecanada1:383,nationalist13:1996,link
whitecanada1:381,nationalist13:1997,forward
whitecanada1:379,nationalist13:1996,forward
whitecanada1:376,nationalist13:1994,forward
whitecanada1:374,nationalist13:1990,forward
whitecanada1:372,nationalist13:1989,forward
whitecanada1:362,nationalist13:1984,forward
whitecanada1:355,nationalist13:1981,forward
whitecanada1:352,nationalist13:1980,forward
whitecanada1:347,nationalist13:1978,forward
whitecanada1:339,nationalist13:1974,forward
whitecanada1:327,nationalist13:1971,forward
whitecanada1:322,nationalist13:1968,forward
whitecanada1:317,nationalist13:1963,forward
whitecanada1:314,whitecanada1:311,reply
whitecanada1:307,nationalist13:1962,forward
whitecanada1:304,nationalist13:1961,forward
whitecanada1:293,nationalist13:1955,forward
whitecanada1:292,whitecanada1:291,reply
whitecanada1:284,nationalist13:1950,forward
whitecanada1:283,nationalist13:1949,forward
whitecanada1:281,nationalist13:1946,forward
whitecanada1:280,nationalist13:1945,forward
whitecanada1:262,nationalist13:1939,forward
whitecanada1:255,whitecanada1:254,reply
whitecanada1:253,nationalist13:1931,forward
whitecanada1:239,nationalist13:1927,forward
whitecanada1:237,whitecanada1:233,reply
whitecanada1:234,whitecanada1:233,reply
whitecanada1:231,nationalist13:1922,forward
whitecanada1:230,nationalist13:1921,forward
whitecanada1:226,nationalist13:1918,forward
whitecanada1:212,whitecanada1:211,reply
whitecanada1:206,whitecanada1:205,reply
whitecanada1:204,whitecanada1:203,reply
whitecanada1:198,nationalist13:1900,forward
whitecanada1:197,nationalist13:1898,forward
whitecanada1:191,nationalist13:1894,forward
whitecanada1:180,nationalist13:1884,forward
whitecanada1:174,nationalist13:1875,forward
whitecanada1:168,nationalist13:1873,forward
whitecanada1:165,nationalist13:1872,forward
whitecanada1:163,nationalist13:1871,forward
whitecanada1:153,whitecanada1:152,reply
whitecanada1:150,nationalist13:1867,forward
whitecanada1:142,nationalist13:1858,forward
whitecanada1:133,whitecanada1:132,reply
whitecanada1:132,nationalist13:1856,forward
whitecanada1:131,nationalist13:1855,forward
thewesternchauvinist11:3835,nationalist13:1798,forward
thewesternchauvinist11:3741,thewesternchauvinist11:3740,reply
thewesternchauvinist11:3681,thewesternchauvinist11:3680,reply
thewesternchauvinist11:3646,thewesternchauvinist11:3645,reply
thewesternchauvinist11:3643,thewesternchauvinist11:3642,reply
tomsewelluncensored:1177,tomsewelluncensored:1175,reply
tomsewelluncensored:1173,tomsewelluncensored:1172,reply
tomsewelluncensored:1170,realblaircottrell:7161,forward
tomsewelluncensored:1168,tomsewelluncensored:1167,reply
tomsewelluncensored:1166,tomsewelluncensored:1165,reply
tomsewelluncensored:1162,tomsewelluncensored:1161,reply
tomsewelluncensored:1156,tomsewelluncensored:1147,reply
tomsewelluncensored:1154,tomsewelluncensored:1147,reply
tomsewelluncensored:1153,tomsewelluncensored:1152,reply
tomsewelluncensored:1149,tomsewelluncensored:1146,reply
tomsewelluncensored:1143,tomsewelluncensored:1142,reply
tomsewelluncensored:1140,tomsewelluncensored:1139,reply
tomsewelluncensored:1139,tomsewelluncensored:1138,reply
tomsewelluncensored:1136,realblaircottrell:7134,forward
tomsewelluncensored:1133,tomsewelluncensored:1132,reply
tomsewelluncensored:1132,realblaircottrell:7125,forward
tomsewelluncensored:1131,jimboredux:2171,forward
tomsewelluncensored:1068,tomsewelluncensored:1067,reply
jimboredux:2288,tomsewelluncensored:1174,forward
jimboredux:2287,jimboredux:2286,reply
jimboredux:2285,jimboredux:2284,reply
jimboredux:2283,realblaircottrell:7193,forward
jimboredux:2280,jimboredux:2279,reply
jimboredux:2272,jimboredux:2271,reply
jimboredux:2271,realblaircottrell:7176,forward
jimboredux:2270,jimboredux:2269,reply
jimboredux:2264,jimboredux:2263,reply
jimboredux:2262,jimboredux:2261,reply
jimboredux:2259,jimboredux:2258,reply
jimboredux:2257,realblaircottrell:7174,forward
jimboredux:2255,realblaircottrell:7171,forward
jimboredux:2254,tomsewelluncensored:1172,forward
jimboredux:2251,realblaircottrell:7167,forward
jimboredux:2247,realblaircottrell:7161,forward
jimboredux:2245,tomsewelluncensored:1165,forward
jimboredux:2244,realblaircottrell:7157,forward
jimboredux:2239,tomsewelluncensored:1162,forward
jimboredux:2238,tomsewelluncensored:1161,forward
jimboredux:2235,tomsewelluncensored:1160,forward
jimboredux:2234,tomsewelluncensored:1159,forward
jimboredux:2230,tomsewelluncensored:1156,forward
jimboredux:2227,jimboredux:2220,reply
jimboredux:2225,tomsewelluncensored:1154,forward
jimboredux:2225,jimboredux:2218,reply
jimboredux:2224,tomsewelluncensored:1153,forward
jimboredux:2224,jimboredux:2223,reply
jimboredux:2223,tomsewelluncensored:1152,forward
jimboredux:2222,tomsewelluncensored:1151,forward
jimboredux:2220,tomsewelluncensored:1149,forward
jimboredux:2220,jimboredux:2217,reply
jimboredux:2219,tomsewelluncensored:1148,forward
jimboredux:2218,tomsewelluncensored:1147,forward
jimboredux:2217,tomsewelluncensored:1146,forward
jimboredux:2215,tomsewelluncensored:1143,forward
jimboredux:2215,jimboredux:2214,reply
jimboredux:2214,tomsewelluncensored:1142,forward
jimboredux:2212,tomsewelluncensored:1140,forward
jimboredux:2211,tomsewelluncensored:1139,forward
jimboredux:2211,jimboredux:2210,reply
jimboredux:2210,tomsewelluncensored:1138,forward
jimboredux:2207,tomsewelluncensored:1137,forward
jimboredux:2202,realblaircottrell:7146,forward
jimboredux:2199,realblaircottrell:7145,forward
jimboredux:2199,jimboredux:2198,reply
jimboredux:2196,jimboredux:2195,reply
jimboredux:2194,realblaircottrell:7135,forward
jimboredux:2193,realblaircottrell:7134,forward
jimboredux:2192,realblaircottrell:7131,forward
jimboredux:2190,jimboredux:2188,reply
jimboredux:2189,jimboredux:2188,reply
jimboredux:2186,tomsewelluncensored:1135,forward
jimboredux:2181,realblaircottrell:7128,forward
jimboredux:2180,realblaircottrell:7125,forward
jimboredux:2174,jimboredux:2172,reply
thewesternchauvinist12:3628,thewesternchauvinist1:1733,forward
thewesternchauvinist12:3626,thewesternchauvinist1:1730,forward
thewesternchauvinist12:3624,thewesternchauvinist1:1728,forward
thewesternchauvinist12:3623,thewesternchauvinist1:1727,forward
thewesternchauvinist12:3622,thewesternchauvinist1:1724,forward
thewesternchauvinist12:3621,thewesternchauvinist1:1721,forward
thewesternchauvinist12:3619,thewesternchauvinist1:1719,forward
thewesternchauvinist12:3618,thewesternchauvinist1:1717,forward
thewesternchauvinist12:3617,thewesternchauvinist1:1716,forward
thewesternchauvinist12:3615,thewesternchauvinist1:1714,forward
thewesternchauvinist12:3614,thewesternchauvinist1:1713,forward
thewesternchauvinist12:3613,thewesternchauvinist1:1711,forward
thewesternchauvinist12:3612,thewesternchauvinist1:1709,forward
thewesternchauvinist12:3611,thewesternchauvinist1:1708,forward
thewesternchauvinist12:3610,thewesternchauvinist1:1704,forward
thewesternchauvinist12:3607,thewesternchauvinist1:1701,forward
thewesternchauvinist12:3606,thewesternchauvinist1:1700,forward
thewesternchauvinist12:3605,thewesternchauvinist1:1699,forward
thewesternchauvinist12:3604,thewesternchauvinist1:1697,forward
thewesternchauvinist12:3603,thewesternchauvinist1:1696,forward
thewesternchauvinist12:3602,thewesternchauvinist1:1695,forward
thewesternchauvinist12:3600,thewesternchauvinist1:1693,forward
thewesternchauvinist12:3599,thewesternchauvinist1:1687,forward
thewesternchauvinist12:3598,thewesternchauvinist1:1686,forward
thewesternchauvinist12:3597,thewesternchauvinist1:1685,forward
thewesternchauvinist12:3596,thewesternchauvinist1:1683,forward
thewesternchauvinist12:3595,thewesternchauvinist1:1682,forward
thewesternchauvinist12:3594,thewesternchauvinist1:1681,forward
thewesternchauvinist12:3593,thewesternchauvinist1:1680,forward
thewesternchauvinist12:3592,thewesternchauvinist1:1679,forward
thewesternchauvinist12:3591,thewesternchauvinist1:1678,forward
thewesternchauvinist12:3590,thewesternchauvinist1:1677,forward
thewesternchauvinist12:3589,thewesternchauvinist1:1676,forward
thewesternchauvinist12:3588,thewesternchauvinist1:1675,forward
thewesternchauvinist12:3587,thewesternchauvinist1:1673,forward
thewesternchauvinist12:3586,thewesternchauvinist1:1671,forward
thewesternchauvinist12:3585,thewesternchauvinist1:1669,forward
thewesternchauvinist12:3584,thewesternchauvinist1:1666,forward
thewesternchauvinist12:3583,thewesternchauvinist1:1665,forward
thewesternchauvinist12:3582,thewesternchauvinist1:1664,forward
thewesternchauvinist12:3581,thewesternchauvinist1:1662,forward
thewesternchauvinist12:3580,thewesternchauvinist1:1661,forward
thewesternchauvinist12:3579,thewesternchauvinist1:1660,forward
thewesternchauvinist12:3578,thewesternchauvinist1:1659,forward
thewesternchauvinist12:3577,thewesternchauvinist1:1658,forward
thewesternchauvinist12:3576,thewesternchauvinist1:1657,forward
thewesternchauvinist12:3575,thewesternchauvinist1:1656,forward
thewesternchauvinist12:3574,thewesternchauvinist1:1654,forward
thewesternchauvinist12:3573,thewesternchauvinist1:1653,forward
thewesternchauvinist12:3572,thewesternchauvinist1:1652,forward
thewesternchauvinist12:3571,thewesternchauvinist1:1651,forward
thewesternchauvinist12:3570,thewesternchauvinist1:1650,forward
thewesternchauvinist12:3569,thewesternchauvinist1:1649,forward
thewesternchauvinist12:3566,thewesternchauvinist1:1646,forward
thewesternchauvinist12:3565,thewesternchauvinist1:1645,forward
thewesternchauvinist12:3564,thewesternchauvinist1:1641,forward
thewesternchauvinist12:3562,thewesternchauvinist1:1639,forward
thewesternchauvinist12:3561,thewesternchauvinist1:1638,forward
thewesternchauvinist12:3558,thewesternchauvinist1:1635,forward
thewesternchauvinist12:3557,thewesternchauvinist1:1630,forward
thewesternchauvinist12:3556,thewesternchauvinist1:1629,forward
thewesternchauvinist12:3555,thewesternchauvinist1:1627,forward
thewesternchauvinist12:3554,thewesternchauvinist1:1622,forward
thewesternchauvinist12:3553,thewesternchauvinist1:1621,forward
thewesternchauvinist12:3551,thewesternchauvinist1:1619,forward
thewesternchauvinist12:3550,thewesternchauvinist1:1618,forward
thewesternchauvinist12:3549,thewesternchauvinist1:1617,forward
thewesternchauvinist12:3548,thewesternchauvinist1:1616,forward
thewesternchauvinist12:3546,thewesternchauvinist1:1614,forward
thewesternchauvinist12:3545,thewesternchauvinist1:1613,forward
thewesternchauvinist12:3543,thewesternchauvinist1:1611,forward
thewesternchauvinist12:3541,thewesternchauvinist1:1609,forward
thewesternchauvinist12:3540,thewesternchauvinist1:1601,forward
thewesternchauvinist12:3538,thewesternchauvinist1:1599,forward
thewesternchauvinist12:3537,thewesternchauvinist1:1598,forward
thewesternchauvinist12:3536,thewesternchauvinist1:1595,forward
thewesternchauvinist12:3535,thewesternchauvinist1:1593,forward
thewesternchauvinist12:3534,thewesternchauvinist1:1591,forward
thewesternchauvinist12:3533,thewesternchauvinist1:1589,forward
thewesternchauvinist12:3531,thewesternchauvinist1:1585,forward
thewesternchauvinist12:3530,thewesternchauvinist1:1582,forward
thewesternchauvinist12:3529,thewesternchauvinist1:1581,forward
thewesternchauvinist12:3528,thewesternchauvinist1:1580,forward
thewesternchauvinist12:3527,thewesternchauvinist1:1579,forward
thewesternchauvinist12:3526,thewesternchauvinist1:1578,forward
thewesternchauvinist12:3525,thewesternchauvinist1:1576,forward
thewesternchauvinist12:3524,thewesternchauvinist1:1575,forward
thewesternchauvinist12:3523,thewesternchauvinist1:1574,forward
thewesternchauvinist12:3522,thewesternchauvinist1:1573,forward
thewesternchauvinist12:3521,thewesternchauvinist1:1572,forward
thewesternchauvinist12:3520,thewesternchauvinist1:1571,forward
thewesternchauvinist12:3519,thewesternchauvinist1:1570,forward
thewesternchauvinist12:3518,thewesternchauvinist1:1569,forward
thewesternchauvinist12:3517,thewesternchauvinist1:1568,forward
thewesternchauvinist12:3516,thewesternchauvinist1:1567,forward
thewesternchauvinist12:3515,thewesternchauvinist1:1566,forward
thewesternchauvinist12:3514,thewesternchauvinist1:1565,forward
thewesternchauvinist12:3513,thewesternchauvinist1:1564,forward
thewesternchauvinist12:3512,thewesternchauvinist1:1563,forward
thewesternchauvinist12:3511,thewesternchauvinist1:1560,forward
thewesternchauvinist12:3510,thewesternchauvinist1:1559,forward
thewesternchauvinist12:3509,thewesternchauvinist1:1558,forward
thewesternchauvinist12:3508,thewesternchauvinist1:1557,forward
thewesternchauvinist12:3507,thewesternchauvinist1:1556,forward
thewesternchauvinist12:3506,thewesternchauvinist1:1554,forward
thewesternchauvinist12:3505,thewesternchauvinist1:1553,forward
thewesternchauvinist12:3504,thewesternchauvinist1:1552,forward
thewesternchauvinist12:3503,thewesternchauvinist1:1551,forward
thewesternchauvinist12:3502,thewesternchauvinist1:1550,forward
thewesternchauvinist12:3501,thewesternchauvinist1:1549,forward
thewesternchauvinist12:3500,thewesternchauvinist1:1548,forward
thewesternchauvinist12:3499,thewesternchauvinist1:1547,forward
thewesternchauvinist12:3498,thewesternchauvinist1:1546,forward
thewesternchauvinist12:3497,thewesternchauvinist1:1545,forward
thewesternchauvinist12:3496,thewesternchauvinist1:1543,forward
thewesternchauvinist12:3495,thewesternchauvinist1:1540,forward
thewesternchauvinist12:3494,thewesternchauvinist1:1535,forward
thewesternchauvinist12:3493,thewesternchauvinist1:1534,forward
thewesternchauvinist12:3492,thewesternchauvinist1:1532,forward
thewesternchauvinist12:3491,thewesternchauvinist1:1531,forward
thewesternchauvinist12:3490,thewesternchauvinist1:1530,forward
thewesternchauvinist12:3484,thewesternchauvinist1:1524,forward
thewesternchauvinist12:3483,thewesternchauvinist1:1523,forward
thewesternchauvinist12:3482,thewesternchauvinist1:1522,forward
thewesternchauvinist12:3478,thewesternchauvinist1:1518,forward
thewesternchauvinist12:3477,thewesternchauvinist1:1516,forward
thewesternchauvinist12:3476,thewesternchauvinist1:1515,forward
thewesternchauvinist12:3475,thewesternchauvinist1:1514,forward
thewesternchauvinist12:3474,thewesternchauvinist1:1513,forward
thewesternchauvinist12:3473,thewesternchauvinist1:1512,forward
thewesternchauvinist12:3472,thewesternchauvinist1:1510,forward
thewesternchauvinist12:3471,thewesternchauvinist1:1506,forward
thewesternchauvinist12:3470,thewesternchauvinist1:1505,forward
thewesternchauvinist12:3469,thewesternchauvinist1:1504,forward
thewesternchauvinist12:3468,americanfreedomparty:1230,forward
thewesternchauvinist12:3467,thewesternchauvinist1:1502,forward
thewesternchauvinist12:3466,thewesternchauvinist1:1501,forward
thewesternchauvinist12:3465,thewesternchauvinist1:1495,forward
thewesternchauvinist12:3464,thewesternchauvinist1:1494,forward
thewesternchauvinist12:3463,thewesternchauvinist1:1493,forward
thewesternchauvinist12:3462,thewesternchauvinist1:1492,forward
thewesternchauvinist12:3461,thewesternchauvinist1:1491,forward
thewesternchauvinist12:3459,thewesternchauvinist1:1487,forward
thewesternchauvinist12:3458,thewesternchauvinist1:1485,forward
thewesternchauvinist12:3457,thewesternchauvinist1:1484,forward
thewesternchauvinist12:3456,thewesternchauvinist1:1483,forward
thewesternchauvinist12:3455,thewesternchauvinist1:1480,forward
thewesternchauvinist12:3454,thewesternchauvinist1:1479,forward
thewesternchauvinist12:3453,thewesternchauvinist1:1478,forward
thewesternchauvinist12:3449,thewesternchauvinist1:1473,forward
thewesternchauvinist12:3445,thewesternchauvinist1:1469,forward
thewesternchauvinist12:3444,thewesternchauvinist1:1468,forward
thewesternchauvinist12:3443,thewesternchauvinist1:1466,forward
thewesternchauvinist12:3442,thewesternchauvinist1:1465,forward
thewesternchauvinist12:3441,thewesternchauvinist1:1464,forward
thewesternchauvinist12:3440,thewesternchauvinist1:1463,forward
thewesternchauvinist12:3439,thewesternchauvinist1:1462,forward
thewesternchauvinist12:3438,thewesternchauvinist1:1461,forward
thewesternchauvinist12:3434,thewesternchauvinist1:1455,forward
thewesternchauvinist12:3433,thewesternchauvinist1:1454,forward
thewesternchauvinist12:3432,thewesternchauvinist1:1452,forward
thewesternchauvinist12:3431,thewesternchauvinist1:1451,forward
thewesternchauvinist12:3430,thewesternchauvinist1:1450,forward
thewesternchauvinist12:3429,thewesternchauvinist1:1446,forward
thewesternchauvinist12:3427,thewesternchauvinist1:1444,forward
thewesternchauvinist12:3426,thewesternchauvinist1:1443,forward
thewesternchauvinist12:3425,thewesternchauvinist1:1442,forward
thewesternchauvinist12:3424,thewesternchauvinist1:1441,forward
thewesternchauvinist12:3423,thewesternchauvinist1:1440,forward
thewesternchauvinist12:3422,thewesternchauvinist1:1439,forward
thewesternchauvinist12:3421,thewesternchauvinist1:1438,forward
thewesternchauvinist12:3420,thewesternchauvinist1:1437,forward
thewesternchauvinist12:3419,thewesternchauvinist1:1436,forward
thewesternchauvinist12:3418,thewesternchauvinist1:1435,forward
thewesternchauvinist12:3417,thewesternchauvinist1:1434,forward
thewesternchauvinist12:3351,americanfreedomparty:1219,forward
warpigmeme:10540,realblaircottrell:7026,forward
zoomerwaffenx:8815,zoomerwaffenx:8812,reply
zoomerwaffenx:8779,zoomerwaffenx:8679,forward
patriotfrontnews:3833,patriotfrontnews:3794,link
patriotfrontnews:3833,patriotfrontnews:3749,link
patriotfrontnews:3833,patriotfrontnews:3718,link
patriotfrontnews:3794,patriotfrontnews:3718,link
patriotfrontnews:3794,patriotfrontnews:3749,link
patriotfrontnews:3718,patriotfrontnews:3709,link
whitelads:6419,whitelads:6418,reply
whitelads:6376,whitelads:6375,reply
whitelads:6310,whitelads:6309,reply
whitelads:6270,tomsewelluncensored:1128,forward
whitelads:6268,whitelads:6266,reply
whitelads:6238,nationalist13:1997,forward
whitelads:6234,whitelads:6195,reply
whitelads:6223,whitelads:6222,reply
whitelads:6162,whitelads:6161,reply
whitelads:6150,whitelads:6149,reply
whitelads:6145,whitelads:6144,reply
whitelads:6133,whitelads:6132,reply
whitelads:6131,whitelads:6129,reply
whitelads:6130,whitelads:6129,reply
realblaircottrell:7187,realblaircottrell:7186,reply
realblaircottrell:7145,realblaircottrell:7144,reply
realblaircottrell:7140,realblaircottrell:7139,reply
realblaircottrell:7135,realblaircottrell:7134,reply
realblaircottrell:7102,realblaircottrell:7100,reply
realblaircottrell:7093,realblaircottrell:7092,reply
realblaircottrell:7079,realblaircottrell:7076,reply
realblaircottrell:7057,realblaircottrell:7056,reply
realblaircottrell:7033,realblaircottrell:7032,reply
realblaircottrell:7020,realblaircottrell:7019,reply
realblaircottrell:6950,realblaircottrell:6949,reply
realblaircottrell:6907,realblaircottrell:6906,reply