id,title,subscribers
jungenationalisten,Junge Nationalisten,13843
JN_Th,Junge Nationalisten Thüringen,1202
heimat2023,Die Heimat,6865
schmidtkeswelt,Schmidtkes Welt,2361
dortmundsrechte,Heimat Dortmund,4268
JN_Sachsen_Anhalt,JN Sachsen-Anhalt,468
JungeNationalisten,Junge Nationalisten,13843
KDN2013,Kampf der Nibelungen,7476
theresia_brand,Theresia Brand,443
Frontdienst,Frontdienst,3008
Balaclavagraphics,Balaclava Graphics Bautzen,10368
fsnrev,FSN - The Revolution,7889
pcrecords,PC Records offiziell,9309
EB_official,European Brotherhood,2513
niederlausitzInfo,Niederlausitz.Info,260
braunschweigverteidigen,braunschweig.verteidigen,266
WiderstandinAktion,📢 Widerstand im Hügelland 🇩🇪,2063
sturmzeichen,Kanal Sturmzeichen,6948
jnhessen,JN Hessen,241
harzverteidigen,Harz Verteidigen,1116
hermanns_heide,Hermanns.heide,330
freiesachsen,Freie Sachsen,118463
unetenucleonacional,Núcleo Nacional🏴,29012
JN_Westverband,JN-West,634
athenscene,Athens Autonomous 🇬🇷🏴,3168
jungenationalisten ,Junge Nationalisten,13843
gegenstrom,Gegenstrom Plattform für rechte Metapolitik,755
WiderstandinAktion ,📢 Widerstand im Hügelland 🇩🇪,2063
rossmueller,Sascha A. Roßmüller,1220
wie_gesagt,Wie-gesagt.info,1731
sicherheitshinweise,SfN - Arbeitskreis Sicherheit,6697
Sicherheitshinweise,SfN - Arbeitskreis Sicherheit,6697
heimatnrw,Heimat.NRW,483
deutschestimmemagazin,Deutsche Stimme - Die andere Meinung,4245
